page,product_name,price,link
https://www.lefties.com/ae/woman/clothing/t-shirts/basic-t-shirts-c1030267507.html,T-shirt with ruffled sleeves,39,https://static.lefties.com/9/photos2/2023/I/0/1/p/5003/302/251/5003302251_1_1_3.jpg?t=1687934413458
https://www.lefties.com/ae/woman/clothing/t-shirts/basic-t-shirts-c1030267507.html,Oversize short sleeve T-shirt,29,https://static.lefties.com/9/photos2/2023/I/0/1/p/5003/300/619/5003300619_1_1_3.jpg?t=1687934786403
https://www.lefties.com/ae/woman/clothing/t-shirts/basic-t-shirts-c1030267507.html,Racerback T-shirt,29,https://static.lefties.com/9/photos2/2023/I/0/1/p/1121/350/250/1121350250_1_1_3.jpg?t=1687512116455
https://www.lefties.com/ae/woman/clothing/t-shirts/basic-t-shirts-c1030267507.html,Basic V-neck T-shirt,29,https://static.lefties.com/9/photos2/2023/I/0/1/p/5003/346/250/5003346250_1_1_3.jpg?t=1686918189306
https://www.lefties.com/ae/woman/clothing/t-shirts/basic-t-shirts-c1030267507.html,Racerback T-shirt,29,https://static.lefties.com/9/photos2/2023/I/0/1/p/1121/350/800/1121350800_1_1_3.jpg?t=1687512116455
https://www.lefties.com/ae/woman/clothing/t-shirts/basic-t-shirts-c1030267507.html,Oversize short sleeve T-shirt,29,https://static.lefties.com/9/photos2/2023/I/0/1/p/5003/300/636/5003300636_1_1_3.jpg?t=1687934786403
https://www.lefties.com/ae/woman/clothing/t-shirts/basic-t-shirts-c1030267507.html,Pack of 2 basic round neck T-shirts,39,https://static.lefties.com/9/photos2/2023/I/0/1/p/1001/316/250/1001316250_1_1_3.jpg?t=1687955351279
https://www.lefties.com/ae/woman/clothing/t-shirts/basic-t-shirts-c1030267507.html,Basic knit top,59,https://static.lefties.com/9/photos2/2023/I/0/1/p/5603/300/250/5603300250_1_1_3.jpg?t=1687934778413
https://www.lefties.com/ae/woman/clothing/t-shirts/basic-t-shirts-c1030267507.html,T-shirt with ruffled sleeves,39,https://static.lefties.com/9/photos2/2023/I/0/1/p/5003/302/800/5003302800_1_1_3.jpg?t=1687934413458
https://www.lefties.com/ae/woman/clothing/t-shirts/basic-t-shirts-c1030267507.html,Basic V-neck T-shirt,29,https://static.lefties.com/9/photos2/2023/I/0/1/p/5003/346/800/5003346800_1_1_3.jpg?t=1686918189306
https://www.lefties.com/ae/woman/clothing/t-shirts/basic-t-shirts-c1030267507.html,Short-sleeve sporty T-shirt,29,https://static.lefties.com/9/photos2/2023/I/0/1/p/5177/306/715/5177306715_1_1_3.jpg?t=1686401446100
https://www.lefties.com/ae/woman/clothing/t-shirts/basic-t-shirts-c1030267507.html,Basic knit top,59,https://static.lefties.com/9/photos2/2023/I/0/1/p/5603/300/800/5603300800_1_1_3.jpg?t=1687934778413
https://www.lefties.com/ae/woman/clothing/t-shirts/basic-t-shirts-c1030267507.html,Short-sleeve sporty T-shirt,29,https://static.lefties.com/9/photos2/2023/I/0/1/p/5179/300/800/5179300800_1_1_3.jpg?t=1686401446100
https://www.lefties.com/ae/woman/clothing/t-shirts/basic-t-shirts-c1030267507.html,Oversize short sleeve T-shirt,29,https://static.lefties.com/9/photos2/2023/I/0/1/p/5003/300/674/5003300674_1_1_3.jpg?t=1687934786403
https://www.lefties.com/ae/woman/clothing/t-shirts/basic-t-shirts-c1030267507.html,Stretch top with thin straps.,29,https://static.lefties.com/9/photos2/2023/I/0/1/p/1033/303/250/1033303250_1_1_3.jpg?t=1687271945731
https://www.lefties.com/ae/woman/clothing/t-shirts/basic-t-shirts-c1030267507.html,Stretch top with thin straps.,29,https://static.lefties.com/9/photos2/2023/I/0/1/p/1033/303/800/1033303800_1_1_3.jpg?t=1687271945731
https://www.lefties.com/ae/woman/clothing/t-shirts/basic-t-shirts-c1030267507.html,Stretch top with thin straps.,29,https://static.lefties.com/9/photos2/2023/I/0/1/p/5123/328/600/5123328600_1_1_3.jpg?t=1687271945731
https://www.lefties.com/ae/woman/clothing/t-shirts/basic-t-shirts-c1030267507.html,Short-sleeve sporty T-shirt,29,https://static.lefties.com/9/photos2/2023/I/0/1/p/5177/306/627/5177306627_1_1_3.jpg?t=1686401446100
https://www.lefties.com/ae/woman/clothing/t-shirts/basic-t-shirts-c1030267507.html,Pack of 2 basic V-neck T-shirts,39,https://static.lefties.com/9/photos2/2023/I/0/1/p/1001/314/250/1001314250_1_1_3.jpg?t=ts
https://www.lefties.com/ae/woman/clothing/t-shirts/basic-t-shirts-c1030267507.html,T-shirt with ruffled sleeves,39,https://static.lefties.com/9/photos2/2023/I/0/1/p/5003/302/251/5003302251_1_1_3.jpg?t=1687934413458
https://www.lefties.com/ae/woman/clothing/t-shirts/basic-t-shirts-c1030267507.html,Stretch top with thin straps.,29,https://static.lefties.com/9/photos2/2023/I/0/1/p/5123/328/600/5123328600_1_1_3.jpg?t=1687271945731
https://www.lefties.com/ae/woman/clothing/t-shirts/basic-t-shirts-c1030267507.html,Ribbed V-neck sweater,69,https://static.lefties.com/9/photos2/2023/I/0/1/p/5623/314/250/5623314250_1_1_3.jpg?t=1687439533634
https://www.lefties.com/ae/woman/clothing/t-shirts/basic-t-shirts-c1030267507.html,Oversize short sleeve T-shirt,29,https://static.lefties.com/9/photos2/2023/I/0/1/p/5003/300/636/5003300636_1_1_3.jpg?t=1687934786403
https://www.lefties.com/ae/woman/clothing/t-shirts/basic-t-shirts-c1030267507.html,Short sleeve printed T-shirt,39,https://static.lefties.com/9/photos2/2023/V/0/1/p/1001/378/800/1001378800_1_1_3.jpg?t=1681985522048
https://www.lefties.com/ae/woman/clothing/t-shirts/basic-t-shirts-c1030267507.html,Ribbed crop top,59,https://static.lefties.com/9/photos2/2023/I/0/1/p/1621/325/064/1621325064_1_1_3.jpg?t=1685025090085
https://www.lefties.com/ae/woman/clothing/t-shirts/basic-t-shirts-c1030267507.html,Oversize short sleeve T-shirt,29,https://static.lefties.com/9/photos2/2023/I/0/1/p/5003/300/710/5003300710_1_1_3.jpg?t=1687934786403
https://www.lefties.com/ae/woman/clothing/t-shirts/basic-t-shirts-c1030267507.html,Seamless top,39,https://static.lefties.com/9/photos2/2023/I/0/1/p/5123/321/800/5123321800_1_1_3.jpg?t=1688041565682
https://www.lefties.com/ae/woman/clothing/t-shirts/basic-t-shirts-c1030267507.html,Oversize short sleeve T-shirt,29,https://static.lefties.com/9/photos2/2023/I/0/1/p/5003/300/438/5003300438_1_1_3.jpg?t=1687934786403
https://www.lefties.com/ae/woman/clothing/t-shirts/basic-t-shirts-c1030267507.html,Ribbed V-neck sweater,69,https://static.lefties.com/9/photos2/2023/I/0/1/p/5623/314/064/5623314064_1_1_3.jpg?t=1687439533634
https://www.lefties.com/ae/woman/clothing/t-shirts/basic-t-shirts-c1030267507.html,Stretch top with thin straps.,29,https://static.lefties.com/9/photos2/2023/I/0/1/p/5123/328/623/5123328623_1_1_3.jpg?t=1687271945731
https://www.lefties.com/ae/woman/clothing/t-shirts/basic-t-shirts-c1030267507.html,Rustic T-shirt in two materials,39,https://static.lefties.com/9/photos2/2023/V/0/1/p/1001/358/250/1001358250_1_1_3.jpg?t=1687249816029
https://www.lefties.com/ae/woman/clothing/t-shirts/basic-t-shirts-c1030267507.html,Short sleeve printed T-shirt,39,https://static.lefties.com/9/photos2/2023/V/0/1/p/1001/378/600/1001378600_1_1_3.jpg?t=1681985522048
https://www.lefties.com/ae/woman/clothing/t-shirts/basic-t-shirts-c1030267507.html,Pack of 2 racerback T-shirts,39,null
https://www.lefties.com/ae/woman/clothing/t-shirts/basic-t-shirts-c1030267507.html,Ribbed V-neck sweater,69,https://static.lefties.com/9/photos2/2023/I/0/1/p/5623/314/800/5623314800_1_1_3.jpg?t=1687439533634
https://www.lefties.com/ae/woman/clothing/t-shirts/basic-t-shirts-c1030267507.html,Ribbed V-neck sweater,69,https://static.lefties.com/9/photos2/2023/I/0/1/p/5623/314/406/5623314406_1_1_3.jpg?t=1687439533634
https://www.lefties.com/ae/woman/clothing/t-shirts/basic-t-shirts-c1030267507.html,Sleeveless top,29,https://static.lefties.com/9/photos2/2023/I/0/1/p/5123/303/710/5123303710_1_1_3.jpg?t=1687944745681
https://www.lefties.com/ae/woman/clothing/t-shirts/basic-t-shirts-c1030267507.html,Stretch top with thin straps.,29,https://static.lefties.com/9/photos2/2023/I/0/1/p/5123/328/650/5123328650_1_1_3.jpg?t=1687271945731
https://www.lefties.com/ae/woman/clothing/t-shirts/basic-t-shirts-c1030267507.html,Oversize short sleeve T-shirt,29,https://static.lefties.com/9/photos2/2023/I/0/1/p/5003/300/800/5003300800_1_1_3.jpg?t=1687934786403
https://www.lefties.com/ae/woman/clothing/t-shirts/basic-t-shirts-c1030267507.html,Ribbed crop top,59,https://static.lefties.com/9/photos2/2023/I/0/1/p/1621/325/250/1621325250_1_1_3.jpg?t=1685025090085
https://www.lefties.com/ae/woman/clothing/t-shirts/basic-t-shirts-c1030267507.html,Pack of 2 lace trim strappy tops,49,https://static.lefties.com/9/photos2/2023/I/0/1/p/1123/313/800/1123313800_1_1_3.jpg?t=1686580524497
https://www.lefties.com/ae/woman/clothing/t-shirts/basic-t-shirts-c1030267507.html,Textured short sleeve T-shirt,39,https://static.lefties.com/9/photos2/2023/V/0/1/p/1001/366/402/1001366402_1_1_3.jpg?t=1680590832589
https://www.lefties.com/ae/woman/clothing/t-shirts/basic-t-shirts-c1030267507.html,Ribbed T-shirt,39,https://static.lefties.com/9/photos2/2023/I/0/1/p/1026/307/800/1026307800_1_1_3.jpg?t=1686409198066
https://www.lefties.com/ae/woman/clothing/t-shirts/basic-t-shirts-c1030267507.html,Cropped long sleeve top,29,https://static.lefties.com/9/photos2/2023/I/0/1/p/1029/300/800/1029300800_1_1_3.jpg?t=1686409204658
https://www.lefties.com/ae/woman/clothing/t-shirts/basic-t-shirts-c1030267507.html,Pack of 2 racerback T-shirts,39,null
https://www.lefties.com/ae/woman/clothing/t-shirts/basic-t-shirts-c1030267507.html,Pack of 2 racerback T-shirts,39,null
https://www.lefties.com/ae/woman/clothing/t-shirts/basic-t-shirts-c1030267507.html,Ribbed T-shirt,39,https://static.lefties.com/9/photos2/2023/I/0/1/p/5027/301/250/5027301250_1_1_3.jpg?t=1686409198066
https://www.lefties.com/ae/woman/clothing/t-shirts/basic-t-shirts-c1030267507.html,Sporty vest top,29,https://static.lefties.com/9/photos2/2023/I/0/1/p/1166/307/611/1166307611_1_1_3.jpg?t=1683119804481
https://www.lefties.com/ae/woman/clothing/t-shirts/basic-t-shirts-c1030267507.html,Ribbed T-shirt,39,https://static.lefties.com/9/photos2/2023/I/0/1/p/5027/301/250/5027301250_1_1_3.jpg?t=1686409198066
https://www.lefties.com/ae/woman/clothing/t-shirts/basic-t-shirts-c1030267507.html,Sleeveless top,29,https://static.lefties.com/9/photos2/2023/I/0/1/p/5123/303/609/5123303609_1_1_3.jpg?t=1687944745681
https://www.lefties.com/ae/woman/clothing/t-shirts/basic-t-shirts-c1030267507.html,Ribbed crop top,59,https://static.lefties.com/9/photos2/2023/I/0/1/p/1621/325/300/1621325300_1_1_3.jpg?t=1685025090085
https://www.lefties.com/ae/woman/clothing/t-shirts/basic-t-shirts-c1030267507.html,Rustic T-shirt in two materials,39,https://static.lefties.com/9/photos2/2023/V/0/1/p/1001/358/502/1001358502_1_1_3.jpg?t=1687249816029
https://www.lefties.com/ae/woman/clothing/t-shirts/basic-t-shirts-c1030267507.html,Stretch top with thin straps.,29,null
https://www.lefties.com/ae/woman/clothing/t-shirts/basic-t-shirts-c1030267507.html,Oversized short sleeve T-shirt,39,https://static.lefties.com/9/photos2/2023/I/0/1/p/5003/317/250/5003317250_1_1_3.jpg?t=1687934788540
https://www.lefties.com/ae/woman/clothing/t-shirts/basic-t-shirts-c1030267507.html,Sleeveless top,29,https://static.lefties.com/9/photos2/2023/I/0/1/p/5123/303/526/5123303526_1_1_3.jpg?t=1687944745681
https://www.lefties.com/ae/woman/clothing/t-shirts/basic-t-shirts-c1030267507.html,2-Pack of basic cropped T-shirts,39,https://static.lefties.com/9/photos2/2023/I/0/1/p/1010/321/250/1010321250_1_1_3.jpg?t=1674806178843
https://www.lefties.com/ae/woman/clothing/t-shirts/basic-t-shirts-c1030267507.html,Oversized short sleeve T-shirt,39,https://static.lefties.com/9/photos2/2023/I/0/1/p/5003/317/048/5003317048_1_1_3.jpg?t=1687934788540
https://www.lefties.com/ae/woman/clothing/t-shirts/basic-t-shirts-c1030267507.html,Cropped seamless T-shirt,39,https://static.lefties.com/9/photos2/2023/I/0/1/p/5013/304/619/5013304619_1_1_3.jpg?t=1687963744962
https://www.lefties.com/ae/woman/clothing/t-shirts/basic-t-shirts-c1030267507.html,Pack of 2 basic round neck T-shirts,39,null
https://www.lefties.com/ae/woman/clothing/t-shirts/basic-t-shirts-c1030267507.html,Oversize short sleeve T-shirt,29,https://static.lefties.com/9/photos2/2023/I/0/1/p/5003/300/526/5003300526_1_1_3.jpg?t=1687934786403
https://www.lefties.com/ae/woman/clothing/t-shirts/basic-t-shirts-c1030267507.html,Oversize short sleeve T-shirt,29,https://static.lefties.com/9/photos2/2023/I/0/1/p/1001/303/803/1001303803_1_1_3.jpg?t=1687934786403
https://www.lefties.com/ae/woman/clothing/t-shirts/basic-t-shirts-c1030267507.html,Sleeveless top,29,https://static.lefties.com/9/photos2/2023/I/0/1/p/1121/303/803/1121303803_1_1_3.jpg?t=1687944745681
https://www.lefties.com/ae/woman/clothing/t-shirts/basic-t-shirts-c1030267507.html,Pack of 2 basic round neck T-shirts,39,https://static.lefties.com/9/photos2/2023/I/0/1/p/1001/337/300/1001337300_1_1_3.jpg?t=1687955351279
https://www.lefties.com/ae/woman/clothing/t-shirts/basic-t-shirts-c1030267507.html,Pack of 2 basic round neck T-shirts,39,https://static.lefties.com/9/photos2/2023/I/0/1/p/1001/337/629/1001337629_1_1_3.jpg?t=1687955351279
https://www.lefties.com/ae/woman/clothing/t-shirts/basic-t-shirts-c1030267507.html,Strappy stretch bodysuit,39,https://static.lefties.com/9/photos2/2023/V/0/1/p/1006/300/525/1006300525_1_1_3.jpg?t=1684761130262
https://www.lefties.com/ae/woman/clothing/t-shirts/basic-t-shirts-c1030267507.html,Ribbed crop top,59,https://static.lefties.com/9/photos2/2023/I/0/1/p/1621/325/620/1621325620_1_1_3.jpg?t=1685025090085
https://www.lefties.com/ae/woman/clothing/t-shirts/basic-t-shirts-c1030267507.html,Textured short sleeve T-shirt,39,https://static.lefties.com/9/photos2/2023/V/0/1/p/1001/366/800/1001366800_1_1_3.jpg?t=1680590832589
https://www.lefties.com/ae/woman/clothing/t-shirts/basic-t-shirts-c1030267507.html,Long T-shirt with split,79,https://static.lefties.com/9/photos2/2023/I/0/1/p/5013/348/250/5013348250_1_1_3.jpg?t=1684931832528
https://www.lefties.com/ae/woman/clothing/t-shirts/basic-t-shirts-c1030267507.html,Ribbed knit T-shirt,39,https://static.lefties.com/9/photos2/2023/V/0/1/p/5032/311/800/5032311800_1_1_3.jpg?t=1664452682656
https://www.lefties.com/ae/woman/clothing/t-shirts/basic-t-shirts-c1030267507.html,Cropped short sleeve T-shirt,29,https://static.lefties.com/9/photos2/2023/I/0/1/p/1001/375/250/1001375250_1_1_3.jpg?t=1682417425205
https://www.lefties.com/ae/woman/clothing/t-shirts/basic-t-shirts-c1030267507.html,Sleeveless top,29,https://static.lefties.com/9/photos2/2023/I/0/1/p/5123/303/674/5123303674_1_1_3.jpg?t=1687944745681
https://www.lefties.com/ae/woman/clothing/t-shirts/basic-t-shirts-c1030267507.html,Oversized short sleeve T-shirt,39,https://static.lefties.com/9/photos2/2023/I/0/1/p/5003/317/800/5003317800_1_1_3.jpg?t=1687934788540
https://www.lefties.com/ae/woman/clothing/t-shirts/basic-t-shirts-c1030267507.html,Sleeveless top,29,https://static.lefties.com/9/photos2/2023/I/0/1/p/5123/303/438/5123303438_1_1_3.jpg?t=1687944745681
https://www.lefties.com/ae/woman/clothing/t-shirts/basic-t-shirts-c1030267507.html,T-shirt with criss-cross straps,39,https://static.lefties.com/9/photos2/2023/I/0/1/p/5122/311/057/5122311057_1_1_3.jpg?t=1683202522863
https://www.lefties.com/ae/woman/clothing/t-shirts/basic-t-shirts-c1030267507.html,Long sleeve thermal T-shirt,25,https://static.lefties.com/9/photos2/2023/V/0/1/p/5189/300/500/5189300500_1_1_3.jpg?t=1672661761144
https://www.lefties.com/ae/woman/clothing/t-shirts/basic-t-shirts-c1030267507.html,Textured short sleeve T-shirt,39,https://static.lefties.com/9/photos2/2023/V/0/1/p/1001/366/250/1001366250_1_1_3.jpg?t=1680590832589
https://www.lefties.com/ae/woman/clothing/t-shirts/basic-t-shirts-c1030267507.html,T-shirt with criss-cross straps,39,https://static.lefties.com/9/photos2/2023/I/0/1/p/5122/311/250/5122311250_1_1_3.jpg?t=1683202522863
https://www.lefties.com/ae/woman/clothing/t-shirts/basic-t-shirts-c1030267507.html,Loose-fitting short sleeve T-shirt,39,https://static.lefties.com/9/photos2/2023/V/0/1/p/1001/312/305/1001312305_1_1_3.jpg?t=ts
https://www.lefties.com/ae/woman/clothing/t-shirts/basic-t-shirts-c1030267507.html,Pack of 2 printed T-shirts,39,null
https://www.lefties.com/ae/woman/clothing/t-shirts/basic-t-shirts-c1030267507.html,Sporty vest top,39,https://static.lefties.com/9/photos2/2023/I/0/1/p/1166/303/628/1166303628_1_1_3.jpg?t=1683122170381
https://www.lefties.com/ae/woman/clothing/t-shirts/basic-t-shirts-c1030267507.html,Sporty vest top,39,https://static.lefties.com/9/photos2/2023/I/0/1/p/1166/303/628/1166303628_1_1_3.jpg?t=1683122170381
https://www.lefties.com/ae/woman/clothing/t-shirts/basic-t-shirts-c1030267507.html,T-shirt with ruffled sleeves,29,https://static.lefties.com/9/photos2/2023/V/0/1/p/1001/313/650/1001313650_1_1_3.jpg?t=1687258593204
https://www.lefties.com/ae/woman/clothing/t-shirts/basic-t-shirts-c1030267507.html,T-shirt with ruffled sleeves,29,https://static.lefties.com/9/photos2/2023/V/0/1/p/1001/313/416/1001313416_1_1_3.jpg?t=1687258593204
https://www.lefties.com/ae/woman/clothing/t-shirts/basic-t-shirts-c1030267507.html,T-shirt with ruffled sleeves,29,https://static.lefties.com/9/photos2/2023/V/0/1/p/1001/313/650/1001313650_1_1_3.jpg?t=1687258593204
https://www.lefties.com/ae/woman/clothing/t-shirts/basic-t-shirts-c1030267507.html,Pack of 2 lace trim strappy tops,39,https://static.lefties.com/9/photos2/2023/V/0/1/p/5122/302/537/5122302537_1_1_3.jpg?t=1687340813610
https://www.lefties.com/ae/woman/clothing/t-shirts/basic-t-shirts-c1030267507.html,T-shirt with criss-cross straps,39,https://static.lefties.com/9/photos2/2023/I/0/1/p/5122/311/406/5122311406_1_1_3.jpg?t=1683202522863
https://www.lefties.com/ae/woman/clothing/t-shirts/basic-t-shirts-c1030267507.html,Cropped short sleeve T-shirt,29,https://static.lefties.com/9/photos2/2023/I/0/1/p/1001/375/800/1001375800_1_1_3.jpg?t=1682417425205
https://www.lefties.com/ae/woman/clothing/t-shirts/basic-t-shirts-c1030267507.html,Strappy stretch bodysuit,39,https://static.lefties.com/9/photos2/2023/V/0/1/p/1006/300/443/1006300443_1_1_3.jpg?t=1684761130262
https://www.lefties.com/ae/woman/clothing/t-shirts/basic-t-shirts-c1030267507.html,Pack of 2 lace trim strappy tops,39,https://static.lefties.com/9/photos2/2023/V/0/1/p/5122/302/441/5122302441_1_1_3.jpg?t=1687340813610
https://www.lefties.com/ae/woman/clothing/t-shirts/basic-t-shirts-c1030267507.html,Pack of 2 printed T-shirts,29,https://static.lefties.com/9/photos2/2023/V/0/1/p/5002/301/721/5002301721_1_1_3.jpg?t=1686649601033
https://www.lefties.com/ae/woman/clothing/t-shirts/basic-t-shirts-c1030267507.html,Wool blend T-shirt,39,https://static.lefties.com/9/photos2/2023/V/0/1/p/5032/303/701/5032303701_1_1_3.jpg?t=1663768998526
https://www.lefties.com/ae/woman/clothing/t-shirts/basic-t-shirts-c1030267507.html,Pack of 2 printed T-shirts,29,https://static.lefties.com/9/photos2/2023/V/0/1/p/5002/301/251/5002301251_1_1_3.jpg?t=1686649601033
https://www.lefties.com/ae/woman/clothing/t-shirts/basic-t-shirts-c1030267507.html,Pack of 2 basic V-neck T-shirts,29,https://static.lefties.com/9/photos2/2023/V/0/1/p/1001/314/650/1001314650_1_1_3.jpg?t=ts
https://www.lefties.com/ae/woman/clothing/t-shirts/basic-t-shirts-c1030267507.html,Pack of 2 basic V-neck T-shirts,29,https://static.lefties.com/9/photos2/2023/V/0/1/p/1001/314/403/1001314403_1_1_3.jpg?t=ts
https://www.lefties.com/ae/woman/clothing/t-shirts/basic-t-shirts-c1030267507.html,Short sleeve linen-effect T-shirt,39,https://static.lefties.com/9/photos2/2023/V/0/1/p/1001/354/502/1001354502_1_1_3.jpg?t=1683014161368
https://www.lefties.com/ae/woman/clothing/t-shirts/basic-t-shirts-c1030267507.html,Short sleeve linen-effect T-shirt,39,https://static.lefties.com/9/photos2/2023/V/0/1/p/1001/354/638/1001354638_1_1_3.jpg?t=1683014161368
https://www.lefties.com/ae/woman/clothing/t-shirts/basic-t-shirts-c1030267507.html,Short sleeve linen-effect T-shirt,39,https://static.lefties.com/9/photos2/2023/V/0/1/p/1001/354/250/1001354250_1_1_3.jpg?t=1683014161368
https://www.lefties.com/ae/woman/clothing/t-shirts/basic-t-shirts-c1030267507.html,Short sleeve knit sweater,69,https://static.lefties.com/9/photos2/2023/I/0/1/p/1621/316/600/1621316600_1_1_3.jpg?t=1680246660885
https://www.lefties.com/ae/woman/clothing/t-shirts/basic-t-shirts-c1030267507.html,Short sleeve knit sweater,69,https://static.lefties.com/9/photos2/2023/I/0/1/p/1621/316/250/1621316250_1_1_3.jpg?t=1680246660885
https://www.lefties.com/ae/woman/clothing/t-shirts/basic-t-shirts-c1030267507.html,Ruffled T-shirt,39,https://static.lefties.com/9/photos2/2023/V/0/1/p/1001/344/250/1001344250_1_1_3.jpg?t=1679493496444
https://www.lefties.com/ae/woman/clothing/t-shirts/basic-t-shirts-c1030267507.html,Check-texture T-shirt,29,https://static.lefties.com/9/photos2/2023/V/0/1/p/1001/346/520/1001346520_1_1_3.jpg?t=1682413216485
https://www.lefties.com/ae/woman/clothing/t-shirts/basic-t-shirts-c1030267507.html,Check-texture T-shirt,29,https://static.lefties.com/9/photos2/2023/V/0/1/p/1001/346/482/1001346482_1_1_3.jpg?t=1682413216485
https://www.lefties.com/ae/woman/clothing/t-shirts/basic-t-shirts-c1030267507.html,Ruffled T-shirt,39,https://static.lefties.com/9/photos2/2023/V/0/1/p/1001/344/250/1001344250_1_1_3.jpg?t=1679493496444
https://www.lefties.com/ae/woman/clothing/t-shirts/basic-t-shirts-c1030267507.html,Sleeveless openwork top,79,https://static.lefties.com/9/photos2/2023/I/0/1/p/1621/310/250/1621310250_1_1_3.jpg?t=1679487030709
https://www.lefties.com/ae/woman/clothing/t-shirts/basic-t-shirts-c1030267507.html,2-Pack of basic cropped T-shirts,39,https://static.lefties.com/9/photos2/2023/I/0/1/p/1010/321/800/1010321800_1_1_3.jpg?t=1674806178843
https://www.lefties.com/ae/woman/clothing/t-shirts/basic-t-shirts-c1030267507.html,Open knit top,69,https://static.lefties.com/9/photos2/2023/I/0/1/p/1621/309/250/1621309250_1_1_3.jpg?t=1679493788434
https://www.lefties.com/ae/woman/clothing/t-shirts/basic-t-shirts-c1030267507.html,Ribbed knit T-shirt,39,https://static.lefties.com/9/photos2/2023/V/0/1/p/5032/311/250/5032311250_1_1_3.jpg?t=1664452682656
https://www.lefties.com/ae/woman/clothing/t-shirts/basic-t-shirts-c1030267507.html,Loose-fitting short sleeve T-shirt,39,https://static.lefties.com/9/photos2/2023/V/0/1/p/1001/312/502/1001312502_1_1_3.jpg?t=ts
https://www.lefties.com/ae/woman/clothing/t-shirts/basic-t-shirts-c1030267507.html,Loose-fitting short sleeve T-shirt,39,https://static.lefties.com/9/photos2/2023/V/0/1/p/1001/312/800/1001312800_1_1_3.jpg?t=ts
https://www.lefties.com/ae/woman/clothing/t-shirts/basic-t-shirts-c1030267507.html,Cropped short sleeve T-shirt,29,https://static.lefties.com/9/photos2/2023/V/0/1/p/1001/362/200/1001362200_1_1_3.jpg?t=1679384410786
https://www.lefties.com/ae/woman/clothing/t-shirts/basic-t-shirts-c1030267507.html,Cropped short sleeve T-shirt,29,https://static.lefties.com/9/photos2/2023/V/0/1/p/1001/362/601/1001362601_1_1_3.jpg?t=1679384410786
https://www.lefties.com/ae/woman/clothing/t-shirts/basic-t-shirts-c1030267507.html,Cropped short sleeve T-shirt,29,https://static.lefties.com/9/photos2/2023/V/0/1/p/1001/362/064/1001362064_1_1_3.jpg?t=1679384410786
https://www.lefties.com/ae/woman/clothing/t-shirts/basic-t-shirts-c1030267507.html,Pack of 2 printed T-shirts,29,https://static.lefties.com/9/photos2/2023/V/0/1/p/5002/301/653/5002301653_1_1_3.jpg?t=1686649601033
https://www.lefties.com/ae/woman/clothing/t-shirts/basic-t-shirts-c1030267507.html,Pack of 2 racerback T-shirts,29,https://static.lefties.com/9/photos2/2023/V/0/1/p/5122/354/668/5122354668_1_1_3.jpg?t=1684935733931
https://www.lefties.com/ae/woman/clothing/t-shirts/basic-t-shirts-c1030267507.html,Strappy stretch bodysuit,39,https://static.lefties.com/9/photos2/2023/V/0/1/p/1006/300/653/1006300653_1_1_3.jpg?t=1684761130262
https://www.lefties.com/ae/woman/clothing/t-shirts/basic-t-shirts-c1030267507.html,Pack of 2 lace trim strappy tops,39,https://static.lefties.com/9/photos2/2023/V/0/1/p/5122/302/936/5122302936_1_1_3.jpg?t=1687340813610
https://www.lefties.com/ae/woman/clothing/t-shirts/basic-t-shirts-c1030267507.html,Strappy stretch bodysuit,39,https://static.lefties.com/9/photos2/2023/V/0/1/p/1006/300/649/1006300649_1_1_3.jpg?t=1684761130262
https://www.lefties.com/ae/woman/clothing/t-shirts/basic-t-shirts-c1030267507.html,Seamless T-shirt,39,https://static.lefties.com/9/photos2/2023/V/0/1/p/1031/300/403/1031300403_1_1_3.jpg?t=1682426706289
https://www.lefties.com/ae/woman/clothing/t-shirts/basic-t-shirts-c1030267507.html,Seamless T-shirt,39,https://static.lefties.com/9/photos2/2023/V/0/1/p/1031/300/806/1031300806_1_1_3.jpg?t=1682426706289
https://www.lefties.com/ae/woman/clothing/t-shirts/basic-t-shirts-c1030267507.html,Seamless top,29,https://static.lefties.com/9/photos2/2023/V/0/1/p/1121/300/403/1121300403_1_1_3.jpg?t=1687251618129
https://www.lefties.com/ae/woman/clothing/t-shirts/basic-t-shirts-c1030267507.html,Seamless top,29,https://static.lefties.com/9/photos2/2023/V/0/1/p/1121/300/806/1121300806_1_1_3.jpg?t=1687251618129
https://www.lefties.com/ae/woman/clothing/t-shirts/basic-t-shirts-c1030267507.html,Seamless T-shirt,69,https://static.lefties.com/9/photos2/2023/I/0/1/p/1031/300/800/1031300800_1_1_3.jpg?t=1682426706289
https://www.lefties.com/ae/woman/clothing/t-shirts/basic-t-shirts-c1030267507.html,Long sleeve thermal T-shirt,25,https://static.lefties.com/9/photos2/2023/V/0/1/p/5189/300/629/5189300629_1_1_3.jpg?t=1672661761144
https://www.lefties.com/ae/woman/clothing/t-shirts/basic-t-shirts-c1030267507.html,Pack of 2 basic round neck T-shirts,29,https://static.lefties.com/9/photos2/2023/V/0/1/p/1001/316/955/1001316955_1_1_3.jpg?t=1685177542785
https://www.lefties.com/ae/woman/clothing/t-shirts/basic-t-shirts-c1030267507.html,Pack of 2 basic round neck T-shirts,29,https://static.lefties.com/9/photos2/2023/V/0/1/p/1001/316/955/1001316955_1_1_3.jpg?t=1685177542785
https://www.lefties.com/ae/woman/clothing/t-shirts/basic-t-shirts-c1030267507.html,Pack of 2 basic round neck T-shirts,29,https://static.lefties.com/9/photos2/2023/V/0/1/p/1001/316/639/1001316639_1_1_3.jpg?t=1685177542785
https://www.lefties.com/ae/woman/clothing/t-shirts/basic-t-shirts-c1030267507.html,Pack of 2 basic V-neck T-shirts,29,https://static.lefties.com/9/photos2/2023/V/0/1/p/1001/314/411/1001314411_1_1_3.jpg?t=ts
https://www.lefties.com/ae/woman/clothing/t-shirts/basic-t-shirts-c1030267507.html,Pack of 2 basic V-neck T-shirts,29,https://static.lefties.com/9/photos2/2023/V/0/1/p/1001/314/676/1001314676_1_1_3.jpg?t=ts
https://www.lefties.com/ae/woman/clothing/t-shirts/basic-t-shirts-c1030267507.html,T-shirt with ruffled sleeves,39,https://static.lefties.com/9/photos2/2023/V/0/1/p/1001/308/800/1001308800_1_1_3.jpg?t=1678117683736
https://www.lefties.com/ae/woman/clothing/t-shirts/basic-t-shirts-c1030267507.html,T-shirt with ruffled sleeves,39,https://static.lefties.com/9/photos2/2023/V/0/1/p/1001/308/636/1001308636_1_1_3.jpg?t=1678117683736
https://www.lefties.com/ae/woman/clothing/t-shirts/basic-t-shirts-c1030267507.html,T-shirt with ruffled sleeves,39,https://static.lefties.com/9/photos2/2023/V/0/1/p/1001/308/250/1001308250_1_1_3.jpg?t=1678117683736
https://www.lefties.com/ae/woman/clothing/t-shirts/basic-t-shirts-c1030267507.html,Sporty high neck T-shirt,69,https://static.lefties.com/9/photos2/2023/I/0/1/p/5204/300/500/5204300500_1_1_3.jpg?t=1686397301821
https://www.lefties.com/ae/woman/clothing/t-shirts/basic-t-shirts-c1030267507.html,Wool blend T-shirt,39,https://static.lefties.com/9/photos2/2023/V/0/1/p/5032/303/081/5032303081_1_1_3.jpg?t=1663768998526
https://www.lefties.com/ae/woman/clothing/t-shirts/basic-t-shirts-c1030267507.html,Ribbed T-shirt,29,https://static.lefties.com/9/photos2/2023/V/0/1/p/5032/314/104/5032314104_1_1_3.jpg?t=1675076882191
https://www.lefties.com/ae/woman/clothing/t-shirts/basic-t-shirts-c1030267507.html,Pack of 2 basic V-neck T-shirts,29,https://static.lefties.com/9/photos2/2023/V/0/1/p/1003/304/800/1003304800_1_1_3.jpg?t=ts
https://www.lefties.com/ae/woman/clothing/t-shirts/basic-t-shirts-c1030267507.html,Ribbed T-shirt,null,null
https://www.lefties.com/ae/woman/clothing/t-shirts/basic-t-shirts-c1030267507.html,Wool blend T-shirt,39,https://static.lefties.com/9/photos2/2023/V/0/1/p/5032/303/533/5032303533_1_1_3.jpg?t=1663768998526
https://www.lefties.com/ae/woman/clothing/t-shirts/basic-t-shirts-c1030267507.html,Wool blend T-shirt,39,https://static.lefties.com/9/photos2/2023/V/0/1/p/5032/303/800/5032303800_1_1_3.jpg?t=1663768998526
https://www.lefties.com/ae/woman/clothing/t-shirts/basic-t-shirts-c1030267507.html,Pack of 2 printed T-shirts,29,https://static.lefties.com/9/photos2/2023/V/0/1/p/5002/301/752/5002301752_1_1_3.jpg?t=1686649601033
https://www.lefties.com/ae/woman/clothing/t-shirts/basic-t-shirts-c1030267507.html,Sporty high neck T-shirt,69,https://static.lefties.com/9/photos2/2023/I/0/1/p/5204/300/800/5204300800_1_1_3.jpg?t=1686397301821
https://www.lefties.com/ae/woman/clothing/t-shirts/basic-t-shirts-c1030267507.html,Oversized T-shirt,39,https://static.lefties.com/9/photos2/2023/V/0/1/p/1033/301/529/1033301529_1_1_3.jpg?t=1678268334722
https://www.lefties.com/ae/woman/clothing/t-shirts/basic-t-shirts-c1030267507.html,Wool blend T-shirt,29,https://static.lefties.com/9/photos2/2023/V/0/1/p/5012/329/305/5012329305_1_1_3.jpg?t=1663767540192
https://www.lefties.com/ae/woman/clothing/t-shirts/basic-t-shirts-c1030267507.html,Wool blend T-shirt,29,https://static.lefties.com/9/photos2/2023/V/0/1/p/5012/329/081/5012329081_1_1_3.jpg?t=1663767540192
https://www.lefties.com/ae/woman/clothing/t-shirts/basic-t-shirts-c1030267507.html,Wool blend T-shirt,29,https://static.lefties.com/9/photos2/2023/V/0/1/p/5012/329/827/5012329827_1_1_3.jpg?t=1663767540192
https://www.lefties.com/ae/woman/clothing/t-shirts/basic-t-shirts-c1030267507.html,Sporty vest top,25,https://static.lefties.com/9/photos2/2023/V/0/1/p/1166/307/500/1166307500_1_1_3.jpg?t=1683119804481
https://www.lefties.com/ae/woman/clothing/t-shirts/basic-t-shirts-c1030267507.html,Sporty vest top,25,https://static.lefties.com/9/photos2/2023/V/0/1/p/1166/307/500/1166307500_1_1_3.jpg?t=1683119804481
https://www.lefties.com/ae/woman/clothing/t-shirts/basic-t-shirts-c1030267507.html,Pack of 2 printed T-shirts,29,https://static.lefties.com/9/photos2/2023/V/0/1/p/5002/301/800/5002301800_1_1_3.jpg?t=1686649601033
https://www.lefties.com/ae/woman/clothing/t-shirts/basic-t-shirts-c1030267507.html,Oversized T-shirt,49,https://static.lefties.com/9/photos2/2023/I/0/1/p/1033/301/250/1033301250_1_1_3.jpg?t=1686399641068
https://www.lefties.com/ae/woman/clothing/t-shirts/basic-t-shirts-c1030267507.html,Pack of 2 contrast round neck T-shirts,39,https://static.lefties.com/9/photos2/2023/V/0/1/p/5004/311/850/5004311850_1_1_3.jpg?t=1672661334494
https://www.lefties.com/ae/woman/clothing/t-shirts/basic-t-shirts-c1030267507.html,Pack of 2 contrast round neck T-shirts,39,https://static.lefties.com/9/photos2/2023/V/0/1/p/5004/311/804/5004311804_1_1_3.jpg?t=1672661334494
https://www.lefties.com/ae/woman/clothing/t-shirts/basic-t-shirts-c1030267507.html,Oversized T-shirt,49,https://static.lefties.com/9/photos2/2023/I/0/1/p/1033/301/800/1033301800_1_1_3.jpg?t=1686399641068
https://www.lefties.com/ae/woman/clothing/t-shirts/basic-t-shirts-c1030267507.html,2-Pack of basic V-neck T-shirts,39,https://static.lefties.com/9/photos2/2023/V/0/1/p/1002/307/250/1002307250_1_1_3.jpg?t=1671620647358
https://www.lefties.com/ae/woman/clothing/t-shirts/basic-t-shirts-c1030267507.html,Pack of 2 basic round neck T-shirts,39,https://static.lefties.com/9/photos2/2023/V/0/1/p/1002/321/250/1002321250_1_1_3.jpg?t=1671620658001
https://www.lefties.com/ae/woman/clothing/t-shirts/basic-t-shirts-c1030267507.html,Long sleeve thermal T-shirt,39,https://static.lefties.com/9/photos2/2023/I/0/1/p/5189/300/800/5189300800_1_1_3.jpg?t=1686398218136
